node1,node2,route_distance,Heuristic distance
Agra,Lucknow,330,294
Agra,Rajsamand,574,474
Agra,Raebareli,401,339
Agra,Patna,839,732
Agra,Gaya,871,748
Agra,Kota,401,305
Agra,Sikar,353,287
Agra,Prayagraj,472,429
Agra,Bhopal,536,438
Agra,Una,610,504
Agra,Bundi,408,304
Agra,Sarangarh,1002,804
Agra,Lakhimpur,363,286
Agra,Madhepura,970,840
Agra,Arrah,787,688
Agra,Daudnagar,800,681
Agra,Belagavi,1561,1305
Agra,Hanamkonda,1257,1027
Agra,Sitamarhi,887,747
Agra,Morena,82,75
Agra,Agra,0,0
Agra,Sitapur,326,267
Agra,Delhi,227,191
Agra,Faridabad,178,152
Agra,Jodhpur,570,506
Agra,Mahoba,371,280
Agra,Pakur,1218,1025
Agra,Sagar,421,376
Agra,Baghpat,270,210
Agra,Nawada,931,795
Agra,Bikaner,571,472
Agra,Mirzapur,567,508
Agra,Ghazipur,677,582
Agra,Jaipur,239,222
Agra,Durgapur,1104,1019
Agra,Chitrakoot,426,361
Agra,Aligarh,91,80
Agra,Rohtas,728,644
Agra,Palamu,886,715
Agra,Araria,1098,947
Agra,Calicut,2233,1777
Agra,Jehanabad,872,730
Agra,Bhagalpur,1070,921
Agra,Sri Ganganagar,620,504
Agra,Balaghat,793,633
Aligarh,Agra,91,80
Aligarh,Lucknow,333,305
Aligarh,Rajsamand,619,523
Aligarh,Raebareli,404,364
Aligarh,Patna,842,746
Aligarh,Gaya,874,770
Aligarh,Kota,446,370
Aligarh,Sikar,358,292
Aligarh,Prayagraj,501,462
Aligarh,Bhopal,630,518
Aligarh,Una,505,433
Aligarh,Bundi,453,365
Aligarh,Sarangarh,1095,862
Aligarh,Lakhimpur,328,264
Aligarh,Madhepura,973,844
Aligarh,Arrah,790,703
Aligarh,Daudnagar,803,704
Aligarh,Belagavi,1660,1384
Aligarh,Hanamkonda,1350,1105
Aligarh,Sitamarhi,890,748
Aligarh,Morena,175,155
Aligarh,Sitapur,306,258
Aligarh,Delhi,163,131
Aligarh,Faridabad,117,94
Aligarh,Jodhpur,615,534
Aligarh,Mahoba,444,339
Aligarh,Pakur,1221,1039
Aligarh,Sagar,514,454
Aligarh,Baghpat,165,143
Aligarh,Nawada,934,815
Aligarh,Bikaner,525,470
Aligarh,Mirzapur,597,541
Aligarh,Ghazipur,680,603
Aligarh,Jaipur,284,252
Aligarh,Durgapur,1133,1044
Aligarh,Chitrakoot,491,409
Aligarh,Aligarh,0,0
Aligarh,Rohtas,773,668
Aligarh,Palamu,916,751
Aligarh,Araria,1101,949
Aligarh,Calicut,2326,1857
Aligarh,Jehanabad,875,748
Aligarh,Bhagalpur,1073,932
Aligarh,Sri Ganganagar,588,467
Aligarh,Balaghat,886,706
Araria,Agra,1098,947
Araria,Aligarh,1101,949
Araria,Lucknow,763,653
Araria,Rajsamand,1635,1367
Araria,Raebareli,731,619
Araria,Patna,313,239
Araria,Gaya,396,287
Araria,Kota,1396,1167
Araria,Sikar,1448,1233
Araria,Prayagraj,673,567
Araria,Bhopal,1294,1064
Araria,Una,1617,1240
Araria,Bundi,1428,1186
Araria,Sarangarh,962,672
Araria,Lakhimpur,830,691
Araria,Madhepura,131,107
Araria,Arrah,355,286
Araria,Daudnagar,417,330
Araria,Belagavi,2176,1761
Araria,Hanamkonda,1647,1213
Araria,Sitamarhi,238,201
Araria,Morena,1113,945
Araria,Sitapur,853,691
Araria,Delhi,1275,1061
Araria,Faridabad,1272,1034
Araria,Jodhpur,1665,1441
Araria,Mahoba,911,764
Araria,Pakur,236,170
Araria,Sagar,1126,915
Araria,Baghpat,1278,1056
Araria,Nawada,320,236
Araria,Bikaner,1666,1417
Araria,Mirzapur,597,503
Araria,Ghazipur,470,393
Araria,Jaipur,1334,1165
Araria,Durgapur,382,289
Araria,Chitrakoot,799,669
Araria,Rohtas,449,364
Araria,Palamu,573,422
Araria,Araria,0,0
Araria,Calicut,2617,2052
Araria,Jehanabad,362,267
Araria,Bhagalpur,137,110
Araria,Sri Ganganagar,1716,1397
Araria,Balaghat,1210,880
Arrah,Agra,787,688
Arrah,Aligarh,790,703
Arrah,Araria,355,286
Arrah,Lucknow,452,398
Arrah,Rajsamand,1325,1086
Arrah,Raebareli,421,350
Arrah,Patna,52,47
Arrah,Gaya,130,90
Arrah,Kota,1086,886
Arrah,Sikar,1138,975
Arrah,Prayagraj,308,283
Arrah,Bhopal,940,778
Arrah,Una,1307,1050
Arrah,Bundi,1118,906
Arrah,Sarangarh,639,468
Arrah,Lakhimpur,595,468
Arrah,Madhepura,224,185
Arrah,Arrah,0,0
Arrah,Daudnagar,87,63
Arrah,Belagavi,1820,1507
Arrah,Hanamkonda,1321,988
Arrah,Sitamarhi,171,141
Arrah,Morena,802,675
Arrah,Sitapur,543,455
Arrah,Delhi,964,826
Arrah,Faridabad,961,794
Arrah,Jodhpur,1354,1168
Arrah,Mahoba,557,481
Arrah,Pakur,432,336
Arrah,Sagar,772,629
Arrah,Baghpat,967,826
Arrah,Nawada,155,115
Arrah,Bikaner,1356,1161
Arrah,Mirzapur,242,216
Arrah,Ghazipur,122,109
Arrah,Jaipur,1024,899
Arrah,Durgapur,443,350
Arrah,Chitrakoot,445,384
Arrah,Rohtas,94,84
Arrah,Palamu,247,198
Arrah,Calicut,2328,1838
Arrah,Jehanabad,80,49
Arrah,Bhagalpur,283,234
Arrah,Sri Ganganagar,1406,1167
Arrah,Balaghat,855,616
Baghpat,Agra,270,210
Baghpat,Aligarh,165,143
Baghpat,Araria,1278,1056
Baghpat,Arrah,967,826
Baghpat,Lucknow,496,433
Baghpat,Rajsamand,661,542
Baghpat,Raebareli,567,498
Baghpat,Patna,1005,866
Baghpat,Gaya,1037,898
Baghpat,Kota,542,434
Baghpat,Sikar,307,252
Baghpat,Prayagraj,664,600
Baghpat,Bhopal,853,629
Baghpat,Una,348,294
Baghpat,Bundi,549,419
Baghpat,Sarangarh,1265,1005
Baghpat,Lakhimpur,430,364
Baghpat,Madhepura,1136,954
Baghpat,Daudnagar,966,833
Baghpat,Belagavi,1756,1476
Baghpat,Hanamkonda,1520,1234
Baghpat,Sitamarhi,1053,856
Baghpat,Morena,345,281
Baghpat,Sitapur,433,371
Baghpat,Delhi,48,29
Baghpat,Faridabad,67,59
Baghpat,Jodhpur,593,511
Baghpat,Mahoba,607,482
Baghpat,Pakur,1384,1158
Baghpat,Sagar,684,585
Baghpat,Baghpat,0,0
Baghpat,Nawada,1097,939
Baghpat,Bikaner,457,396
Baghpat,Mirzapur,760,676
Baghpat,Ghazipur,843,730
Baghpat,Jaipur,326,265
Baghpat,Durgapur,1296,1172
Baghpat,Chitrakoot,653,551
Baghpat,Rohtas,936,798
Baghpat,Palamu,1079,888
Baghpat,Calicut,2442,1963
Baghpat,Jehanabad,1038,873
Baghpat,Bhagalpur,1236,1049
Baghpat,Sri Ganganagar,432,342
Baghpat,Balaghat,1056,843
Balaghat,Agra,793,633
Balaghat,Aligarh,886,706
Balaghat,Araria,1210,880
Balaghat,Arrah,855,616
Balaghat,Baghpat,1056,843
Balaghat,Lucknow,732,563
Balaghat,Rajsamand,999,737
Balaghat,Raebareli,655,501
Balaghat,Patna,907,656
Balaghat,Gaya,885,592
Balaghat,Kota,768,579
Balaghat,Sikar,1107,819
Balaghat,Prayagraj,582,435
Balaghat,Bhopal,469,327
Balaghat,Una,1400,1138
Balaghat,Bundi,801,612
Balaghat,Sarangarh,439,300
Balaghat,Lakhimpur,902,682
Balaghat,Madhepura,1079,794
Balaghat,Daudnagar,829,559
Balaghat,Belagavi,1089,891
Balaghat,Hanamkonda,538,426
Balaghat,Sitamarhi,1026,755
Balaghat,Morena,714,564
Balaghat,Sitapur,861,639
Balaghat,Delhi,1011,823
Balaghat,Faridabad,968,785
Balaghat,Jodhpur,1151,877
Balaghat,Mahoba,540,386
Balaghat,Pakur,1161,844
Balaghat,Sagar,353,269
Balaghat,Nawada,944,645
Balaghat,Bikaner,1240,976
Balaghat,Mirzapur,614,440
Balaghat,Ghazipur,756,542
Balaghat,Jaipur,973,719
Balaghat,Durgapur,1024,756
Balaghat,Chitrakoot,504,379
Balaghat,Rohtas,794,532
Balaghat,Palamu,704,460
Balaghat,Calicut,1596,1258
Balaghat,Jehanabad,897,618
Balaghat,Bhagalpur,1123,790
Balaghat,Sri Ganganagar,1410,1096
Balaghat,Balaghat,0,0
Belagavi,Agra,1561,1305
Belagavi,Aligarh,1660,1384
Belagavi,Araria,2176,1761
Belagavi,Arrah,1820,1507
Belagavi,Baghpat,1756,1476
Belagavi,Balaghat,1089,891
Belagavi,Lucknow,1717,1389
Belagavi,Rajsamand,1269,1022
Belagavi,Raebareli,1617,1346
Belagavi,Patna,1869,1545
Belagavi,Gaya,1865,1476
Belagavi,Kota,1212,1046
Belagavi,Sikar,1576,1303
Belagavi,Prayagraj,1544,1307
Belagavi,Bhopal,1086,875
Belagavi,Una,2068,1739
Belagavi,Bundi,1245,1067
Belagavi,Sarangarh,1384,1104
Belagavi,Lakhimpur,1850,1487
Belagavi,Madhepura,2041,1681
Belagavi,Daudnagar,1794,1448
Belagavi,Belagavi,0,0
Belagavi,Hanamkonda,737,589
Belagavi,Sitamarhi,1988,1647
Belagavi,Morena,1483,1233
Belagavi,Sitapur,1809,1445
Belagavi,Delhi,1719,1448
Belagavi,Faridabad,1684,1420
Belagavi,Jodhpur,1457,1160
Belagavi,Mahoba,1488,1186
Belagavi,Pakur,2137,1698
Belagavi,Sagar,1260,989
Belagavi,Nawada,1925,1525
Belagavi,Bikaner,1630,1353
Belagavi,Mirzapur,1576,1327
Belagavi,Ghazipur,1718,1433
Belagavi,Jaipur,1463,1232
Belagavi,Durgapur,2000,1588
Belagavi,Chitrakoot,1466,1227
Belagavi,Rohtas,1756,1422
Belagavi,Palamu,1711,1338
Belagavi,Calicut,647,526
Belagavi,Jehanabad,1866,1505
Belagavi,Bhagalpur,2100,1663
Belagavi,Sri Ganganagar,1878,1558
Bhagalpur,Agra,1070,921
Bhagalpur,Aligarh,1073,932
Bhagalpur,Araria,137,110
Bhagalpur,Arrah,283,234
Bhagalpur,Baghpat,1236,1049
Bhagalpur,Balaghat,1123,790
Bhagalpur,Belagavi,2100,1663
Bhagalpur,Lucknow,735,628
Bhagalpur,Rajsamand,1608,1319
Bhagalpur,Raebareli,704,584
Bhagalpur,Patna,233,188
Bhagalpur,Gaya,240,205
Bhagalpur,Kota,1369,1119
Bhagalpur,Sikar,1421,1208
Bhagalpur,Prayagraj,591,516
Bhagalpur,Bhopal,1223,995
Bhagalpur,Una,1590,1255
Bhagalpur,Bundi,1401,1140
Bhagalpur,Sarangarh,780,567
Bhagalpur,Lakhimpur,878,686
Bhagalpur,Madhepura,186,119
Bhagalpur,Daudnagar,298,260
Bhagalpur,Hanamkonda,1542,1108
Bhagalpur,Sitamarhi,302,210
Bhagalpur,Morena,1086,910
Bhagalpur,Sitapur,826,679
Bhagalpur,Delhi,1248,1052
Bhagalpur,Faridabad,1244,1021
Bhagalpur,Jodhpur,1638,1403
Bhagalpur,Mahoba,840,714
Bhagalpur,Pakur,151,110
Bhagalpur,Sagar,1055,848
Bhagalpur,Nawada,181,149
Bhagalpur,Bikaner,1639,1394
Bhagalpur,Mirzapur,525,444
Bhagalpur,Ghazipur,405,343
Bhagalpur,Jaipur,1307,1134
Bhagalpur,Durgapur,246,193
Bhagalpur,Chitrakoot,728,615
Bhagalpur,Rohtas,344,298
Bhagalpur,Palamu,454,329
Bhagalpur,Calicut,2466,1945
Bhagalpur,Jehanabad,225,200
Bhagalpur,Bhagalpur,0,0
Bhagalpur,Sri Ganganagar,1689,1391
Bhopal,Agra,536,438
Bhopal,Aligarh,630,518
Bhopal,Araria,1294,1064
Bhopal,Arrah,940,778
Bhopal,Baghpat,853,629
Bhopal,Balaghat,469,327
Bhopal,Belagavi,1086,875
Bhopal,Bhagalpur,1223,995
Bhopal,Lucknow,612,534
Bhopal,Rajsamand,573,410
Bhopal,Raebareli,579,509
Bhopal,Patna,990,824
Bhopal,Gaya,986,790
Bhopal,Kota,341,267
Bhopal,Sikar,705,533
Bhopal,Prayagraj,619,510
Bhopal,Bhopal,0,0
Bhopal,Una,1156,916
Bhopal,Bundi,375,299
Bhopal,Sarangarh,748,611
Bhopal,Lakhimpur,745,619
Bhopal,Madhepura,1164,962
Bhopal,Daudnagar,915,736
Bhopal,Hanamkonda,793,623
Bhopal,Sitamarhi,1085,896
Bhopal,Morena,460,363
Bhopal,Sitapur,703,579
Bhopal,Delhi,783,603
Bhopal,Faridabad,748,570
Bhopal,Jodhpur,724,553
Bhopal,Mahoba,383,337
Bhopal,Pakur,1362,1073
Bhopal,Sagar,169,149
Bhopal,Nawada,1045,846
Bhopal,Bikaner,814,669
Bhopal,Mirzapur,683,562
Bhopal,Ghazipur,821,676
Bhopal,Jaipur,593,436
Bhopal,Durgapur,1252,1012
Bhopal,Chitrakoot,504,410
Bhopal,Rohtas,876,700
Bhopal,Palamu,890,685
Bhopal,Calicut,1711,1339
Bhopal,Jehanabad,987,798
Bhopal,Sri Ganganagar,1050,816
Bikaner,Agra,571,472
Bikaner,Aligarh,525,470
Bikaner,Araria,1666,1417
Bikaner,Arrah,1356,1161
Bikaner,Baghpat,457,396
Bikaner,Balaghat,1240,976
Bikaner,Belagavi,1630,1353
Bikaner,Bhagalpur,1639,1394
Bikaner,Bhopal,814,669
Bikaner,Lucknow,855,766
Bikaner,Rajsamand,422,332
Bikaner,Raebareli,926,811
Bikaner,Patna,1363,1205
Bikaner,Gaya,1396,1219
Bikaner,Kota,476,401
Bikaner,Sikar,221,185
Bikaner,Prayagraj,1042,895
Bikaner,Una,608,477
Bikaner,Bundi,439,369
Bikaner,Sarangarh,1543,1217
Bikaner,Lakhimpur,884,734
Bikaner,Madhepura,1494,1311
Bikaner,Daudnagar,1325,1153
Bikaner,Hanamkonda,1619,1280
Bikaner,Sitamarhi,1411,1216
Bikaner,Morena,622,493
Bikaner,Sitapur,827,727
Bikaner,Delhi,423,379
Bikaner,Faridabad,445,395
Bikaner,Jodhpur,253,199
Bikaner,Mahoba,941,720
Bikaner,Pakur,1743,1498
Bikaner,Sagar,919,714
Bikaner,Nawada,1455,1267
Bikaner,Bikaner,0,0
Bikaner,Mirzapur,1138,975
Bikaner,Ghazipur,1202,1055
Bikaner,Jaipur,334,273
Bikaner,Durgapur,1674,1489
Bikaner,Chitrakoot,996,815
Bikaner,Rohtas,1298,1115
Bikaner,Palamu,1457,1175
Bikaner,Calicut,2314,1873
Bikaner,Jehanabad,1397,1202
Bikaner,Sri Ganganagar,241,216
Bundi,Agra,408,304
Bundi,Aligarh,453,365
Bundi,Araria,1428,1186
Bundi,Arrah,1118,906
Bundi,Baghpat,549,419
Bundi,Balaghat,801,612
Bundi,Belagavi,1245,1067
Bundi,Bhagalpur,1401,1140
Bundi,Bhopal,375,299
Bundi,Bikaner,439,369
Bundi,Lucknow,667,552
Bundi,Rajsamand,231,182
Bundi,Raebareli,695,568
Bundi,Patna,1162,953
Bundi,Gaya,1120,945
Bundi,Kota,38,32
Bundi,Sikar,331,246
Bundi,Prayagraj,753,623
Bundi,Una,823,671
Bundi,Bundi,0,0
Bundi,Sarangarh,1081,869
Bundi,Lakhimpur,757,581
Bundi,Madhepura,1293,1079
Bundi,Daudnagar,1049,882
Bundi,Hanamkonda,1181,916
Bundi,Sitamarhi,1210,994
Bundi,Morena,346,262
Bundi,Sitapur,733,554
Bundi,Delhi,475,390
Bundi,Faridabad,440,369
Bundi,Jodhpur,350,277
Bundi,Mahoba,517,426
Bundi,Pakur,1496,1234
Bundi,Sagar,481,359
Bundi,Nawada,1179,999
Bundi,Mirzapur,825,697
Bundi,Ghazipur,955,797
Bundi,Jaipur,219,164
Bundi,Durgapur,1386,1200
Bundi,Chitrakoot,638,526
Bundi,Rohtas,1010,843
Bundi,Palamu,1084,873
Bundi,Calicut,1930,1568
Bundi,Jehanabad,1121,940
Bundi,Sri Ganganagar,676,525
Calicut,Agra,2233,1777
Calicut,Aligarh,2326,1857
Calicut,Araria,2617,2052
Calicut,Arrah,2328,1838
Calicut,Baghpat,2442,1963
Calicut,Balaghat,1596,1258
Calicut,Belagavi,647,526
Calicut,Bhagalpur,2466,1945
Calicut,Bhopal,1711,1339
Calicut,Bikaner,2314,1873
Calicut,Bundi,1930,1568
Calicut,Lucknow,2224,1808
Calicut,Rajsamand,1978,1541
Calicut,Raebareli,2124,1754
Calicut,Patna,2376,1867
Calicut,Gaya,2372,1786
Calicut,Kota,1894,1544
Calicut,Sikar,2258,1811
Calicut,Prayagraj,2051,1694
Calicut,Una,2750,2238
Calicut,Sarangarh,1863,1382
Calicut,Lakhimpur,2357,1919
Calicut,Madhepura,2547,1991
Calicut,Daudnagar,2301,1775
Calicut,Hanamkonda,1059,850
Calicut,Sitamarhi,2494,1979
Calicut,Morena,2152,1702
Calicut,Sitapur,2315,1876
Calicut,Delhi,2401,1936
Calicut,Faridabad,2366,1905
Calicut,Jodhpur,2166,1683
Calicut,Mahoba,1995,1612
Calicut,Pakur,2430,1953
Calicut,Sagar,1805,1427
Calicut,Nawada,2431,1826
Calicut,Mirzapur,2083,1694
Calicut,Ghazipur,2224,1785
Calicut,Jaipur,2145,1732
Calicut,Durgapur,2264,1826
Calicut,Chitrakoot,1973,1631
Calicut,Rohtas,2262,1758
Calicut,Palamu,2169,1647
Calicut,Calicut,0,0
Calicut,Jehanabad,2373,1824
Calicut,Sri Ganganagar,2560,2074
Chitrakoot,Agra,426,361
Chitrakoot,Aligarh,491,409
Chitrakoot,Araria,799,669
Chitrakoot,Arrah,445,384
Chitrakoot,Baghpat,653,551
Chitrakoot,Balaghat,504,379
Chitrakoot,Belagavi,1466,1227
Chitrakoot,Bhagalpur,728,615
Chitrakoot,Bhopal,504,410
Chitrakoot,Bikaner,996,815
Chitrakoot,Bundi,638,526
Chitrakoot,Calicut,1973,1631
Chitrakoot,Lucknow,228,185
Chitrakoot,Rajsamand,846,704
Chitrakoot,Raebareli,151,122
Chitrakoot,Patna,495,432
Chitrakoot,Gaya,491,419
Chitrakoot,Kota,606,504
Chitrakoot,Sikar,776,631
Chitrakoot,Prayagraj,124,102
Chitrakoot,Una,1006,829
Chitrakoot,Sarangarh,686,457
Chitrakoot,Lakhimpur,357,306
Chitrakoot,Madhepura,669,564
Chitrakoot,Daudnagar,420,356
Chitrakoot,Hanamkonda,1001,805
Chitrakoot,Sitamarhi,590,490
Chitrakoot,Morena,423,322
Chitrakoot,Sitapur,316,265
Chitrakoot,Delhi,641,540
Chitrakoot,Faridabad,600,502
Chitrakoot,Jodhpur,988,795
Chitrakoot,Mahoba,121,99
Chitrakoot,Pakur,867,708
Chitrakoot,Sagar,336,261
Chitrakoot,Nawada,550,473
Chitrakoot,Mirzapur,196,171
Chitrakoot,Ghazipur,326,276
Chitrakoot,Jaipur,662,543
Chitrakoot,Durgapur,757,679
Chitrakoot,Chitrakoot,0,0
Chitrakoot,Rohtas,381,318
Chitrakoot,Palamu,540,359
Chitrakoot,Jehanabad,492,415
Chitrakoot,Sri Ganganagar,1045,866
Daudnagar,Agra,800,681
Daudnagar,Aligarh,803,704
Daudnagar,Araria,417,330
Daudnagar,Arrah,87,63
Daudnagar,Baghpat,966,833
Daudnagar,Balaghat,829,559
Daudnagar,Belagavi,1794,1448
Daudnagar,Bhagalpur,298,260
Daudnagar,Bhopal,915,736
Daudnagar,Bikaner,1325,1153
Daudnagar,Bundi,1049,882
Daudnagar,Calicut,2301,1775
Daudnagar,Chitrakoot,420,356
Daudnagar,Lucknow,466,399
Daudnagar,Rajsamand,1259,1060
Daudnagar,Raebareli,435,342
Daudnagar,Patna,105,96
Daudnagar,Gaya,71,66
Daudnagar,Kota,1019,860
Daudnagar,Sikar,1151,967
Daudnagar,Prayagraj,285,261
Daudnagar,Una,1321,1069
Daudnagar,Sarangarh,553,404
Daudnagar,Lakhimpur,609,484
Daudnagar,Madhepura,288,235
Daudnagar,Daudnagar,0,0
Daudnagar,Hanamkonda,1235,925
Daudnagar,Sitamarhi,235,204
Daudnagar,Morena,772,662
Daudnagar,Sitapur,557,465
Daudnagar,Delhi,978,831
Daudnagar,Faridabad,975,797
Daudnagar,Jodhpur,1368,1149
Daudnagar,Mahoba,534,455
Daudnagar,Pakur,447,351
Daudnagar,Sagar,749,589
Daudnagar,Nawada,130,116
Daudnagar,Mirzapur,219,185
Daudnagar,Ghazipur,136,102
Daudnagar,Jaipur,1038,886
Daudnagar,Durgapur,377,339
Daudnagar,Rohtas,46,38
Daudnagar,Palamu,160,135
Daudnagar,Jehanabad,72,62
Daudnagar,Sri Ganganagar,1420,1170
Delhi,Agra,227,191
Delhi,Aligarh,163,131
Delhi,Araria,1275,1061
Delhi,Arrah,964,826
Delhi,Baghpat,48,29
Delhi,Balaghat,1011,823
Delhi,Belagavi,1719,1448
Delhi,Bhagalpur,1248,1052
Delhi,Bhopal,783,603
Delhi,Bikaner,423,379
Delhi,Bundi,475,390
Delhi,Calicut,2401,1936
Delhi,Chitrakoot,641,540
Delhi,Daudnagar,978,831
Delhi,Lucknow,497,431
Delhi,Rajsamand,621,514
Delhi,Raebareli,568,493
Delhi,Patna,1005,867
Delhi,Gaya,1038,896
Delhi,Kota,467,405
Delhi,Sikar,273,227
Delhi,Prayagraj,665,593
Delhi,Una,365,316
Delhi,Sarangarh,1220,991
Delhi,Lakhimpur,451,370
Delhi,Madhepura,1137,958
Delhi,Hanamkonda,1475,1210
Delhi,Sitamarhi,1054,861
Delhi,Morena,300,260
Delhi,Sitapur,454,373
Delhi,Delhi,0,0
Delhi,Faridabad,46,38
Delhi,Jodhpur,559,486
Delhi,Mahoba,587,467
Delhi,Pakur,1385,1160
Delhi,Sagar,639,563
Delhi,Nawada,1098,939
Delhi,Mirzapur,761,671
Delhi,Ghazipur,844,728
Delhi,Jaipur,286,237
Delhi,Durgapur,1297,1170
Delhi,Rohtas,937,796
Delhi,Palamu,1080,882
Delhi,Jehanabad,1039,872
Delhi,Sri Ganganagar,408,340
Durgapur,Agra,1104,1019
Durgapur,Aligarh,1133,1044
Durgapur,Araria,382,289
Durgapur,Arrah,443,350
Durgapur,Baghpat,1296,1172
Durgapur,Balaghat,1024,756
Durgapur,Belagavi,2000,1588
Durgapur,Bhagalpur,246,193
Durgapur,Bhopal,1252,1012
Durgapur,Bikaner,1674,1489
Durgapur,Bundi,1386,1200
Durgapur,Calicut,2264,1826
Durgapur,Chitrakoot,757,679
Durgapur,Daudnagar,377,339
Durgapur,Delhi,1297,1170
Durgapur,Lucknow,842,739
Durgapur,Rajsamand,1595,1373
Durgapur,Raebareli,743,681
Durgapur,Patna,413,318
Durgapur,Gaya,311,273
Durgapur,Kota,1355,1176
Durgapur,Sikar,1452,1303
Durgapur,Prayagraj,621,593
Durgapur,Una,1648,1400
Durgapur,Sarangarh,658,485
Durgapur,Lakhimpur,929,818
Durgapur,Madhepura,435,308
Durgapur,Hanamkonda,1391,1011
Durgapur,Sitamarhi,481,385
Durgapur,Morena,1108,996
Durgapur,Sitapur,933,803
Durgapur,Faridabad,1276,1137
Durgapur,Jodhpur,1669,1473
Durgapur,Mahoba,870,778
Durgapur,Pakur,168,134
Durgapur,Sagar,1085,875
Durgapur,Nawada,306,234
Durgapur,Mirzapur,555,513
Durgapur,Ghazipur,512,442
Durgapur,Jaipur,1339,1220
Durgapur,Durgapur,0,0
Durgapur,Rohtas,405,375
Durgapur,Palamu,427,329
Durgapur,Jehanabad,361,301
Durgapur,Sri Ganganagar,1721,1510
Faridabad,Agra,178,152
Faridabad,Aligarh,117,94
Faridabad,Araria,1272,1034
Faridabad,Arrah,961,794
Faridabad,Baghpat,67,59
Faridabad,Balaghat,968,785
Faridabad,Belagavi,1684,1420
Faridabad,Bhagalpur,1244,1021
Faridabad,Bhopal,748,570
Faridabad,Bikaner,445,395
Faridabad,Bundi,440,369
Faridabad,Calicut,2366,1905
Faridabad,Chitrakoot,600,502
Faridabad,Daudnagar,975,797
Faridabad,Delhi,46,38
Faridabad,Durgapur,1276,1137
Faridabad,Lucknow,447,397
Faridabad,Rajsamand,607,503
Faridabad,Raebareli,518,458
Faridabad,Patna,955,836
Faridabad,Gaya,988,863
Faridabad,Kota,433,382
Faridabad,Sikar,290,231
Faridabad,Prayagraj,615,557
Faridabad,Una,402,353
Faridabad,Sarangarh,1175,953
Faridabad,Lakhimpur,451,343
Faridabad,Madhepura,1087,930
Faridabad,Hanamkonda,1430,1174
Faridabad,Sitamarhi,1004,833
Faridabad,Morena,255,222
Faridabad,Sitapur,419,343
Faridabad,Faridabad,0,0
Faridabad,Jodhpur,603,488
Faridabad,Mahoba,544,429
Faridabad,Pakur,1335,1129
Faridabad,Sagar,594,525
Faridabad,Nawada,1047,906
Faridabad,Mirzapur,711,635
Faridabad,Ghazipur,794,695
Faridabad,Jaipur,272,224
Faridabad,Rohtas,887,762
Faridabad,Palamu,1030,846
Faridabad,Jehanabad,989,840
Faridabad,Sri Ganganagar,448,373
Gaya,Agra,871,748
Gaya,Aligarh,874,770
Gaya,Araria,396,287
Gaya,Arrah,130,90
Gaya,Baghpat,1037,898
Gaya,Balaghat,885,592
Gaya,Belagavi,1865,1476
Gaya,Bhagalpur,240,205
Gaya,Bhopal,986,790
Gaya,Bikaner,1396,1219
Gaya,Bundi,1120,945
Gaya,Calicut,2372,1786
Gaya,Chitrakoot,491,419
Gaya,Daudnagar,71,66
Gaya,Delhi,1038,896
Gaya,Durgapur,311,273
Gaya,Faridabad,988,863
Gaya,Lucknow,537,465
Gaya,Rajsamand,1330,1122
Gaya,Raebareli,506,409
Gaya,Patna,102,89
Gaya,Gaya,0,0
Gaya,Kota,1090,923
Gaya,Sikar,1223,1033
Gaya,Prayagraj,356,325
Gaya,Una,1392,1131
Gaya,Sarangarh,566,405
Gaya,Lakhimpur,680,547
Gaya,Madhepura,283,206
Gaya,Hanamkonda,1323,939
Gaya,Sitamarhi,230,205
Gaya,Morena,843,728
Gaya,Sitapur,628,530
Gaya,Jodhpur,1439,1214
Gaya,Mahoba,605,519
Gaya,Pakur,364,288
Gaya,Sagar,820,644
Gaya,Nawada,59,55
Gaya,Mirzapur,290,248
Gaya,Ghazipur,207,168
Gaya,Jaipur,1109,952
Gaya,Rohtas,117,103
Gaya,Palamu,216,139
Gaya,Jehanabad,49,46
Gaya,Sri Ganganagar,1491,1236
Ghazipur,Agra,677,582
Ghazipur,Aligarh,680,603
Ghazipur,Araria,470,393
Ghazipur,Arrah,122,109
Ghazipur,Baghpat,843,730
Ghazipur,Balaghat,756,542
Ghazipur,Belagavi,1718,1433
Ghazipur,Bhagalpur,405,343
Ghazipur,Bhopal,821,676
Ghazipur,Bikaner,1202,1055
Ghazipur,Bundi,955,797
Ghazipur,Calicut,2224,1785
Ghazipur,Chitrakoot,326,276
Ghazipur,Daudnagar,136,102
Ghazipur,Delhi,844,728
Ghazipur,Durgapur,512,442
Ghazipur,Faridabad,794,695
Ghazipur,Gaya,207,168
Ghazipur,Lucknow,343,297
Ghazipur,Rajsamand,1165,977
Ghazipur,Raebareli,279,243
Ghazipur,Patna,174,156
Ghazipur,Kota,926,777
Ghazipur,Sikar,1028,869
Ghazipur,Prayagraj,202,174
Ghazipur,Una,1198,967
Ghazipur,Sarangarh,689,446
Ghazipur,Lakhimpur,486,381
Ghazipur,Madhepura,342,288
Ghazipur,Hanamkonda,1254,936
Ghazipur,Sitamarhi,289,222
Ghazipur,Morena,693,567
Ghazipur,Sitapur,433,362
Ghazipur,Jodhpur,1245,1059
Ghazipur,Mahoba,441,372
Ghazipur,Pakur,554,443
Ghazipur,Sagar,656,526
Ghazipur,Nawada,267,212
Ghazipur,Mirzapur,142,113
Ghazipur,Ghazipur,0,0
Ghazipur,Jaipur,915,791
Ghazipur,Rohtas,94,72
Ghazipur,Palamu,296,200
Ghazipur,Jehanabad,208,147
Ghazipur,Sri Ganganagar,1297,1068
Hanamkonda,Agra,1257,1027
Hanamkonda,Aligarh,1350,1105
Hanamkonda,Araria,1647,1213
Hanamkonda,Arrah,1321,988
Hanamkonda,Baghpat,1520,1234
Hanamkonda,Balaghat,538,426
Hanamkonda,Belagavi,737,589
Hanamkonda,Bhagalpur,1542,1108
Hanamkonda,Bhopal,793,623
Hanamkonda,Bikaner,1619,1280
Hanamkonda,Bundi,1181,916
Hanamkonda,Calicut,1059,850
Hanamkonda,Chitrakoot,1001,805
Hanamkonda,Daudnagar,1235,925
Hanamkonda,Delhi,1475,1210
Hanamkonda,Durgapur,1391,1011
Hanamkonda,Faridabad,1430,1174
Hanamkonda,Gaya,1323,939
Hanamkonda,Ghazipur,1254,936
Hanamkonda,Lucknow,1250,989
Hanamkonda,Rajsamand,1366,977
Hanamkonda,Raebareli,1150,927
Hanamkonda,Patna,1333,1018
Hanamkonda,Kota,1134,884
Hanamkonda,Sikar,1498,1155
Hanamkonda,Prayagraj,1077,855
Hanamkonda,Una,1864,1527
Hanamkonda,Sarangarh,802,541
Hanamkonda,Lakhimpur,1383,1107
Hanamkonda,Madhepura,1516,1145
Hanamkonda,Hanamkonda,0,0
Hanamkonda,Sitamarhi,1463,1130
Hanamkonda,Morena,1179,953
Hanamkonda,Sitapur,1341,1065
Hanamkonda,Jodhpur,1517,1133
Hanamkonda,Mahoba,1021,807
Hanamkonda,Pakur,1579,1130
Hanamkonda,Sagar,832,651
Hanamkonda,Nawada,1349,982
Hanamkonda,Mirzapur,1109,848
Hanamkonda,Jaipur,1386,1059
Hanamkonda,Rohtas,1262,907
Hanamkonda,Palamu,1107,800
Hanamkonda,Jehanabad,1300,975
Hanamkonda,Sri Ganganagar,1843,1438
Jaipur,Agra,239,222
Jaipur,Aligarh,284,252
Jaipur,Araria,1334,1165
Jaipur,Arrah,1024,899
Jaipur,Baghpat,326,265
Jaipur,Balaghat,973,719
Jaipur,Belagavi,1463,1232
Jaipur,Bhagalpur,1307,1134
Jaipur,Bhopal,593,436
Jaipur,Bikaner,334,273
Jaipur,Bundi,219,164
Jaipur,Calicut,2145,1732
Jaipur,Chitrakoot,662,543
Jaipur,Daudnagar,1038,886
Jaipur,Delhi,286,237
Jaipur,Durgapur,1339,1220
Jaipur,Faridabad,272,224
Jaipur,Gaya,1109,952
Jaipur,Ghazipur,915,791
Jaipur,Hanamkonda,1386,1059
Jaipur,Lucknow,569,512
Jaipur,Rajsamand,335,279
Jaipur,Raebareli,639,549
Jaipur,Patna,1077,945
Jaipur,Kota,256,188
Jaipur,Sikar,116,100
Jaipur,Prayagraj,710,627
Jaipur,Una,606,507
Jaipur,Sarangarh,1211,946
Jaipur,Lakhimpur,587,506
Jaipur,Madhepura,1208,1058
Jaipur,Sitamarhi,1125,966
Jaipur,Morena,290,224
Jaipur,Sitapur,564,489
Jaipur,Jodhpur,330,285
Jaipur,Mahoba,609,447
Jaipur,Pakur,1457,1235
Jaipur,Sagar,615,451
Jaipur,Nawada,1169,1002
Jaipur,Mirzapur,806,706
Jaipur,Jaipur,0,0
Jaipur,Rohtas,966,848
Jaipur,Palamu,1125,902
Jaipur,Jehanabad,1111,939
Jaipur,Sri Ganganagar,461,381
Jehanabad,Agra,872,730
Jehanabad,Aligarh,875,748
Jehanabad,Araria,362,267
Jehanabad,Arrah,80,49
Jehanabad,Baghpat,1038,873
Jehanabad,Balaghat,897,618
Jehanabad,Belagavi,1866,1505
Jehanabad,Bhagalpur,225,200
Jehanabad,Bhopal,987,798
Jehanabad,Bikaner,1397,1202
Jehanabad,Bundi,1121,940
Jehanabad,Calicut,2373,1824
Jehanabad,Chitrakoot,492,415
Jehanabad,Daudnagar,72,62
Jehanabad,Delhi,1039,872
Jehanabad,Durgapur,361,301
Jehanabad,Faridabad,989,840
Jehanabad,Gaya,49,46
Jehanabad,Ghazipur,208,147
Jehanabad,Hanamkonda,1300,975
Jehanabad,Jaipur,1111,939
Jehanabad,Lucknow,538,442
Jehanabad,Rajsamand,1331,1119
Jehanabad,Raebareli,507,391
Jehanabad,Patna,52,44
Jehanabad,Kota,1091,918
Jehanabad,Sikar,1224,1017
Jehanabad,Prayagraj,357,316
Jehanabad,Una,1393,1099
Jehanabad,Sarangarh,615,446
Jehanabad,Lakhimpur,681,516
Jehanabad,Madhepura,234,175
Jehanabad,Sitamarhi,180,160
Jehanabad,Morena,844,714
Jehanabad,Sitapur,629,502
Jehanabad,Jodhpur,1440,1205
Jehanabad,Mahoba,606,513
Jehanabad,Pakur,375,296
Jehanabad,Sagar,821,651
Jehanabad,Nawada,90,66
Jehanabad,Mirzapur,291,244
Jehanabad,Rohtas,118,98
Jehanabad,Palamu,228,176
Jehanabad,Jehanabad,0,0
Jehanabad,Sri Ganganagar,1492,1213
Jodhpur,Agra,570,506
Jodhpur,Aligarh,615,534
Jodhpur,Araria,1665,1441
Jodhpur,Arrah,1354,1168
Jodhpur,Baghpat,593,511
Jodhpur,Balaghat,1151,877
Jodhpur,Belagavi,1457,1160
Jodhpur,Bhagalpur,1638,1403
Jodhpur,Bhopal,724,553
Jodhpur,Bikaner,253,199
Jodhpur,Bundi,350,277
Jodhpur,Calicut,2166,1683
Jodhpur,Chitrakoot,988,795
Jodhpur,Daudnagar,1368,1149
Jodhpur,Delhi,559,486
Jodhpur,Durgapur,1669,1473
Jodhpur,Faridabad,603,488
Jodhpur,Gaya,1439,1214
Jodhpur,Ghazipur,1245,1059
Jodhpur,Hanamkonda,1517,1133
Jodhpur,Jaipur,330,285
Jodhpur,Jehanabad,1440,1205
Jodhpur,Lucknow,899,792
Jodhpur,Rajsamand,190,155
Jodhpur,Raebareli,970,822
Jodhpur,Patna,1407,1215
Jodhpur,Kota,374,306
Jodhpur,Sikar,315,259
Jodhpur,Prayagraj,1040,888
Jodhpur,Una,842,660
Jodhpur,Sarangarh,1417,1145
Jodhpur,Lakhimpur,918,791
Jodhpur,Madhepura,1539,1334
Jodhpur,Sitamarhi,1456,1244
Jodhpur,Morena,633,496
Jodhpur,Sitapur,895,774
Jodhpur,Jodhpur,0,0
Jodhpur,Mahoba,853,696
Jodhpur,Pakur,1787,1501
Jodhpur,Sagar,817,634
Jodhpur,Nawada,1500,1266
Jodhpur,Mirzapur,1136,965
Jodhpur,Rohtas,1296,1110
Jodhpur,Palamu,1455,1148
Jodhpur,Sri Ganganagar,502,415
Kota,Agra,401,305
Kota,Aligarh,446,370
Kota,Araria,1396,1167
Kota,Arrah,1086,886
Kota,Baghpat,542,434
Kota,Balaghat,768,579
Kota,Belagavi,1212,1046
Kota,Bhagalpur,1369,1119
Kota,Bhopal,341,267
Kota,Bikaner,476,401
Kota,Bundi,38,32
Kota,Calicut,1894,1544
Kota,Chitrakoot,606,504
Kota,Daudnagar,1019,860
Kota,Delhi,467,405
Kota,Durgapur,1355,1176
Kota,Faridabad,433,382
Kota,Gaya,1090,923
Kota,Ghazipur,926,777
Kota,Hanamkonda,1134,884
Kota,Jaipur,256,188
Kota,Jehanabad,1091,918
Kota,Jodhpur,374,306
Kota,Lucknow,634,540
Kota,Rajsamand,251,200
Kota,Raebareli,662,552
Kota,Patna,1129,933
Kota,Kota,0,0
Kota,Sikar,368,275
Kota,Prayagraj,720,602
Kota,Una,861,694
Kota,Sarangarh,1048,839
Kota,Lakhimpur,767,575
Kota,Madhepura,1260,1060
Kota,Sitamarhi,1177,977
Kota,Morena,331,256
Kota,Sitapur,720,546
Kota,Mahoba,484,405
Kota,Pakur,1463,1211
Kota,Sagar,448,328
Kota,Nawada,1146,977
Kota,Mirzapur,792,675
Kota,Rohtas,977,822
Kota,Palamu,1051,848
Kota,Sri Ganganagar,714,555
Lakhimpur,Agra,363,286
Lakhimpur,Aligarh,328,264
Lakhimpur,Araria,830,691
Lakhimpur,Arrah,595,468
Lakhimpur,Baghpat,430,364
Lakhimpur,Balaghat,902,682
Lakhimpur,Belagavi,1850,1487
Lakhimpur,Bhagalpur,878,686
Lakhimpur,Bhopal,745,619
Lakhimpur,Bikaner,884,734
Lakhimpur,Bundi,757,581
Lakhimpur,Calicut,2357,1919
Lakhimpur,Chitrakoot,357,306
Lakhimpur,Daudnagar,609,484
Lakhimpur,Delhi,451,370
Lakhimpur,Durgapur,929,818
Lakhimpur,Faridabad,451,343
Lakhimpur,Gaya,680,547
Lakhimpur,Ghazipur,486,381
Lakhimpur,Hanamkonda,1383,1107
Lakhimpur,Jaipur,587,506
Lakhimpur,Jehanabad,681,516
Lakhimpur,Jodhpur,918,791
Lakhimpur,Kota,767,575
Lakhimpur,Lucknow,131,122
Lakhimpur,Rajsamand,919,757
Lakhimpur,Raebareli,208,195
Lakhimpur,Patna,627,505
Lakhimpur,Sikar,668,556
Lakhimpur,Prayagraj,331,297
Lakhimpur,Una,737,585
Lakhimpur,Sarangarh,958,741
Lakhimpur,Lakhimpur,0,0
Lakhimpur,Madhepura,702,589
Lakhimpur,Sitamarhi,621,491
Lakhimpur,Morena,389,319
Lakhimpur,Sitapur,46,43
Lakhimpur,Mahoba,362,306
Lakhimpur,Pakur,1007,795
Lakhimpur,Sagar,577,498
Lakhimpur,Nawada,719,583
Lakhimpur,Mirzapur,416,358
Lakhimpur,Rohtas,559,453
Lakhimpur,Palamu,713,563
Lakhimpur,Sri Ganganagar,866,706
Lucknow,Agra,330,294
Lucknow,Aligarh,333,305
Lucknow,Araria,763,653
Lucknow,Arrah,452,398
Lucknow,Baghpat,496,433
Lucknow,Balaghat,732,563
Lucknow,Belagavi,1717,1389
Lucknow,Bhagalpur,735,628
Lucknow,Bhopal,612,534
Lucknow,Bikaner,855,766
Lucknow,Bundi,667,552
Lucknow,Calicut,2224,1808
Lucknow,Chitrakoot,228,185
Lucknow,Daudnagar,466,399
Lucknow,Delhi,497,431
Lucknow,Durgapur,842,739
Lucknow,Faridabad,447,397
Lucknow,Gaya,537,465
Lucknow,Ghazipur,343,297
Lucknow,Hanamkonda,1250,989
Lucknow,Jaipur,569,512
Lucknow,Jehanabad,538,442
Lucknow,Jodhpur,899,792
Lucknow,Kota,634,540
Lucknow,Lakhimpur,131,122
Lucknow,Lucknow,0,0
Lucknow,Rajsamand,881,734
Lucknow,Raebareli,78,74
Lucknow,Patna,504,440
Lucknow,Sikar,683,581
Lucknow,Prayagraj,201,180
Lucknow,Una,818,684
Lucknow,Sarangarh,828,621
Lucknow,Madhepura,636,546
Lucknow,Sitamarhi,553,453
Lucknow,Morena,348,296
Lucknow,Sitapur,88,83
Lucknow,Mahoba,229,202
Lucknow,Pakur,884,734
Lucknow,Sagar,444,401
Lucknow,Nawada,597,509
Lucknow,Mirzapur,286,249
Lucknow,Rohtas,436,365
Lucknow,Palamu,626,460
Lucknow,Sri Ganganagar,951,771
Madhepura,Agra,970,840
Madhepura,Aligarh,973,844
Madhepura,Araria,131,107
Madhepura,Arrah,224,185
Madhepura,Baghpat,1136,954
Madhepura,Balaghat,1079,794
Madhepura,Belagavi,2041,1681
Madhepura,Bhagalpur,186,119
Madhepura,Bhopal,1164,962
Madhepura,Bikaner,1494,1311
Madhepura,Bundi,1293,1079
Madhepura,Calicut,2547,1991
Madhepura,Chitrakoot,669,564
Madhepura,Daudnagar,288,235
Madhepura,Delhi,1137,958
Madhepura,Durgapur,435,308
Madhepura,Faridabad,1087,930
Madhepura,Gaya,283,206
Madhepura,Ghazipur,342,288
Madhepura,Hanamkonda,1516,1145
Madhepura,Jaipur,1208,1058
Madhepura,Jehanabad,234,175
Madhepura,Jodhpur,1539,1334
Madhepura,Kota,1260,1060
Madhepura,Lakhimpur,702,589
Madhepura,Lucknow,636,546
Madhepura,Rajsamand,1507,1260
Madhepura,Raebareli,603,512
Madhepura,Patna,185,140
Madhepura,Sikar,1320,1127
Madhepura,Prayagraj,545,461
Madhepura,Una,1489,1147
Madhepura,Sarangarh,837,609
Madhepura,Madhepura,0,0
Madhepura,Sitamarhi,118,98
Madhepura,Morena,985,837
Madhepura,Sitapur,725,587
Madhepura,Mahoba,783,658
Madhepura,Pakur,336,225
Madhepura,Sagar,998,813
Madhepura,Nawada,216,165
Madhepura,Mirzapur,469,400
Madhepura,Rohtas,321,267
Madhepura,Palamu,445,346
Madhepura,Sri Ganganagar,1588,1295
Mahoba,Agra,371,280
Mahoba,Aligarh,444,339
Mahoba,Araria,911,764
Mahoba,Arrah,557,481
Mahoba,Baghpat,607,482
Mahoba,Balaghat,540,386
Mahoba,Belagavi,1488,1186
Mahoba,Bhagalpur,840,714
Mahoba,Bhopal,383,337
Mahoba,Bikaner,941,720
Mahoba,Bundi,517,426
Mahoba,Calicut,1995,1612
Mahoba,Chitrakoot,121,99
Mahoba,Daudnagar,534,455
Mahoba,Delhi,587,467
Mahoba,Durgapur,870,778
Mahoba,Faridabad,544,429
Mahoba,Gaya,605,519
Mahoba,Ghazipur,441,372
Mahoba,Hanamkonda,1021,807
Mahoba,Jaipur,609,447
Mahoba,Jehanabad,606,513
Mahoba,Jodhpur,853,696
Mahoba,Kota,484,405
Mahoba,Lakhimpur,362,306
Mahoba,Lucknow,229,202
Mahoba,Madhepura,783,658
Mahoba,Rajsamand,725,605
Mahoba,Raebareli,196,171
Mahoba,Patna,607,529
Mahoba,Sikar,721,538
Mahoba,Prayagraj,236,197
Mahoba,Una,950,770
Mahoba,Sarangarh,749,524
Mahoba,Sitamarhi,702,580
Mahoba,Morena,302,231
Mahoba,Sitapur,321,264
Mahoba,Mahoba,0,0
Mahoba,Pakur,980,807
Mahoba,Sagar,215,198
Mahoba,Nawada,663,572
Mahoba,Mirzapur,308,270
Mahoba,Rohtas,494,417
Mahoba,Palamu,652,456
Mahoba,Sri Ganganagar,989,782
Mirzapur,Agra,567,508
Mirzapur,Aligarh,597,541
Mirzapur,Araria,597,503
Mirzapur,Arrah,242,216
Mirzapur,Baghpat,760,676
Mirzapur,Balaghat,614,440
Mirzapur,Belagavi,1576,1327
Mirzapur,Bhagalpur,525,444
Mirzapur,Bhopal,683,562
Mirzapur,Bikaner,1138,975
Mirzapur,Bundi,825,697
Mirzapur,Calicut,2083,1694
Mirzapur,Chitrakoot,196,171
Mirzapur,Daudnagar,219,185
Mirzapur,Delhi,761,671
Mirzapur,Durgapur,555,513
Mirzapur,Faridabad,711,635
Mirzapur,Gaya,290,248
Mirzapur,Ghazipur,142,113
Mirzapur,Hanamkonda,1109,848
Mirzapur,Jaipur,806,706
Mirzapur,Jehanabad,291,244
Mirzapur,Jodhpur,1136,965
Mirzapur,Kota,792,675
Mirzapur,Lakhimpur,416,358
Mirzapur,Lucknow,286,249
Mirzapur,Madhepura,469,400
Mirzapur,Mahoba,308,270
Mirzapur,Rajsamand,1033,875
Mirzapur,Raebareli,208,179
Mirzapur,Patna,294,263
Mirzapur,Sikar,918,789
Mirzapur,Prayagraj,89,79
Mirzapur,Una,1113,934
Mirzapur,Sarangarh,563,396
Mirzapur,Sitamarhi,413,335
Mirzapur,Morena,573,482
Mirzapur,Sitapur,374,328
Mirzapur,Pakur,667,536
Mirzapur,Sagar,515,413
Mirzapur,Nawada,350,301
Mirzapur,Mirzapur,0,0
Mirzapur,Rohtas,181,146
Mirzapur,Palamu,339,211
Mirzapur,Sri Ganganagar,1186,1007
Morena,Agra,82,75
Morena,Aligarh,175,155
Morena,Araria,1113,945
Morena,Arrah,802,675
Morena,Baghpat,345,281
Morena,Balaghat,714,564
Morena,Belagavi,1483,1233
Morena,Bhagalpur,1086,910
Morena,Bhopal,460,363
Morena,Bikaner,622,493
Morena,Bundi,346,262
Morena,Calicut,2152,1702
Morena,Chitrakoot,423,322
Morena,Daudnagar,772,662
Morena,Delhi,300,260
Morena,Durgapur,1108,996
Morena,Faridabad,255,222
Morena,Gaya,843,728
Morena,Ghazipur,693,567
Morena,Hanamkonda,1179,953
Morena,Jaipur,290,224
Morena,Jehanabad,844,714
Morena,Jodhpur,633,496
Morena,Kota,331,256
Morena,Lakhimpur,389,319
Morena,Lucknow,348,296
Morena,Madhepura,985,837
Morena,Mahoba,302,231
Morena,Mirzapur,573,482
Morena,Rajsamand,560,441
Morena,Raebareli,398,326
Morena,Patna,862,721
Morena,Sikar,426,308
Morena,Prayagraj,479,403
Morena,Una,689,576
Morena,Sarangarh,923,750
Morena,Sitamarhi,910,748
Morena,Morena,0,0
Morena,Sitapur,345,291
Morena,Pakur,1242,1011
Morena,Sagar,342,303
Morena,Nawada,954,778
Morena,Rohtas,735,624
Morena,Palamu,894,682
Morena,Sri Ganganagar,699,553
Nawada,Agra,931,795
Nawada,Aligarh,934,815
Nawada,Araria,320,236
Nawada,Arrah,155,115
Nawada,Baghpat,1097,939
Nawada,Balaghat,944,645
Nawada,Belagavi,1925,1525
Nawada,Bhagalpur,181,149
Nawada,Bhopal,1045,846
Nawada,Bikaner,1455,1267
Nawada,Bundi,1179,999
Nawada,Calicut,2431,1826
Nawada,Chitrakoot,550,473
Nawada,Daudnagar,130,116
Nawada,Delhi,1098,939
Nawada,Durgapur,306,234
Nawada,Faridabad,1047,906
Nawada,Gaya,59,55
Nawada,Ghazipur,267,212
Nawada,Hanamkonda,1349,982
Nawada,Jaipur,1169,1002
Nawada,Jehanabad,90,66
Nawada,Jodhpur,1500,1266
Nawada,Kota,1146,977
Nawada,Lakhimpur,719,583
Nawada,Lucknow,597,509
Nawada,Madhepura,216,165
Nawada,Mahoba,663,572
Nawada,Mirzapur,350,301
Nawada,Morena,954,778
Nawada,Rajsamand,1389,1177
Nawada,Raebareli,565,456
Nawada,Patna,105,88
Nawada,Sikar,1282,1081
Nawada,Prayagraj,416,377
Nawada,Una,1451,1165
Nawada,Sarangarh,625,444
Nawada,Sitamarhi,224,188
Nawada,Sitapur,687,569
Nawada,Pakur,304,234
Nawada,Sagar,879,700
Nawada,Nawada,0,0
Nawada,Rohtas,177,155
Nawada,Palamu,275,186
Nawada,Sri Ganganagar,1551,1279
Pakur,Agra,1218,1025
Pakur,Aligarh,1221,1039
Pakur,Araria,236,170
Pakur,Arrah,432,336
Pakur,Baghpat,1384,1158
Pakur,Balaghat,1161,844
Pakur,Belagavi,2137,1698
Pakur,Bhagalpur,151,110
Pakur,Bhopal,1362,1073
Pakur,Bikaner,1743,1498
Pakur,Bundi,1496,1234
Pakur,Calicut,2430,1953
Pakur,Chitrakoot,867,708
Pakur,Daudnagar,447,351
Pakur,Delhi,1385,1160
Pakur,Durgapur,168,134
Pakur,Faridabad,1335,1129
Pakur,Gaya,364,288
Pakur,Ghazipur,554,443
Pakur,Hanamkonda,1579,1130
Pakur,Jaipur,1457,1235
Pakur,Jehanabad,375,296
Pakur,Jodhpur,1787,1501
Pakur,Kota,1463,1211
Pakur,Lakhimpur,1007,795
Pakur,Lucknow,884,734
Pakur,Madhepura,336,225
Pakur,Mahoba,980,807
Pakur,Mirzapur,667,536
Pakur,Morena,1242,1011
Pakur,Nawada,304,234
Pakur,Rajsamand,1706,1411
Pakur,Raebareli,853,686
Pakur,Patna,382,293
Pakur,Sikar,1569,1312
Pakur,Prayagraj,733,612
Pakur,Una,1739,1365
Pakur,Sarangarh,813,593
Pakur,Sitamarhi,450,320
Pakur,Sitapur,975,787
Pakur,Pakur,0,0
Pakur,Sagar,1197,929
Pakur,Rohtas,494,390
Pakur,Palamu,551,390
Pakur,Sri Ganganagar,1838,1500
Palamu,Agra,886,715
Palamu,Aligarh,916,751
Palamu,Araria,573,422
Palamu,Arrah,247,198
Palamu,Baghpat,1079,888
Palamu,Balaghat,704,460
Palamu,Belagavi,1711,1338
Palamu,Bhagalpur,454,329
Palamu,Bhopal,890,685
Palamu,Bikaner,1457,1175
Palamu,Bundi,1084,873
Palamu,Calicut,2169,1647
Palamu,Chitrakoot,540,359
Palamu,Daudnagar,160,135
Palamu,Delhi,1080,882
Palamu,Durgapur,427,329
Palamu,Faridabad,1030,846
Palamu,Gaya,216,139
Palamu,Ghazipur,296,200
Palamu,Hanamkonda,1107,800
Palamu,Jaipur,1125,902
Palamu,Jehanabad,228,176
Palamu,Jodhpur,1455,1148
Palamu,Kota,1051,848
Palamu,Lakhimpur,713,563
Palamu,Lucknow,626,460
Palamu,Madhepura,445,346
Palamu,Mahoba,652,456
Palamu,Mirzapur,339,211
Palamu,Morena,894,682
Palamu,Nawada,275,186
Palamu,Pakur,551,390
Palamu,Rajsamand,1292,1044
Palamu,Raebareli,527,390
Palamu,Patna,260,220
Palamu,Sikar,1237,991
Palamu,Prayagraj,405,288
Palamu,Una,1432,1144
Palamu,Sarangarh,427,270
Palamu,Sitamarhi,390,335
Palamu,Sitapur,717,537
Palamu,Sagar,719,546
Palamu,Rohtas,189,136
Palamu,Palamu,0,0
Palamu,Sri Ganganagar,1505,1217
Patna,Agra,839,732
Patna,Aligarh,842,746
Patna,Araria,313,239
Patna,Arrah,52,47
Patna,Baghpat,1005,866
Patna,Balaghat,907,656
Patna,Belagavi,1869,1545
Patna,Bhagalpur,233,188
Patna,Bhopal,990,824
Patna,Bikaner,1363,1205
Patna,Bundi,1162,953
Patna,Calicut,2376,1867
Patna,Chitrakoot,495,432
Patna,Daudnagar,105,96
Patna,Delhi,1005,867
Patna,Durgapur,413,318
Patna,Faridabad,955,836
Patna,Gaya,102,89
Patna,Ghazipur,174,156
Patna,Hanamkonda,1333,1018
Patna,Jaipur,1077,945
Patna,Jehanabad,52,44
Patna,Jodhpur,1407,1215
Patna,Kota,1129,933
Patna,Lakhimpur,627,505
Patna,Lucknow,504,440
Patna,Madhepura,185,140
Patna,Mahoba,607,529
Patna,Mirzapur,294,263
Patna,Morena,862,721
Patna,Nawada,105,88
Patna,Pakur,382,293
Patna,Palamu,260,220
Patna,Rajsamand,1377,1134
Patna,Raebareli,473,395
Patna,Patna,0,0
Patna,Sikar,1190,1020
Patna,Prayagraj,360,331
Patna,Una,1359,1084
Patna,Sarangarh,653,491
Patna,Sitamarhi,131,116
Patna,Sitapur,595,495
Patna,Sagar,824,675
Patna,Rohtas,146,126
Patna,Sri Ganganagar,1458,1207
Prayagraj,Agra,472,429
Prayagraj,Aligarh,501,462
Prayagraj,Araria,673,567
Prayagraj,Arrah,308,283
Prayagraj,Baghpat,664,600
Prayagraj,Balaghat,582,435
Prayagraj,Belagavi,1544,1307
Prayagraj,Bhagalpur,591,516
Prayagraj,Bhopal,619,510
Prayagraj,Bikaner,1042,895
Prayagraj,Bundi,753,623
Prayagraj,Calicut,2051,1694
Prayagraj,Chitrakoot,124,102
Prayagraj,Daudnagar,285,261
Prayagraj,Delhi,665,593
Prayagraj,Durgapur,621,593
Prayagraj,Faridabad,615,557
Prayagraj,Gaya,356,325
Prayagraj,Ghazipur,202,174
Prayagraj,Hanamkonda,1077,855
Prayagraj,Jaipur,710,627
Prayagraj,Jehanabad,357,316
Prayagraj,Jodhpur,1040,888
Prayagraj,Kota,720,602
Prayagraj,Lakhimpur,331,297
Prayagraj,Lucknow,201,180
Prayagraj,Madhepura,545,461
Prayagraj,Mahoba,236,197
Prayagraj,Mirzapur,89,79
Prayagraj,Morena,479,403
Prayagraj,Nawada,416,377
Prayagraj,Pakur,733,612
Prayagraj,Palamu,405,288
Prayagraj,Patna,360,331
Prayagraj,Rajsamand,961,803
Prayagraj,Raebareli,123,106
Prayagraj,Sikar,822,710
Prayagraj,Prayagraj,0,0
Prayagraj,Una,1017,862
Prayagraj,Sarangarh,626,444
Prayagraj,Sitamarhi,466,387
Prayagraj,Sitapur,289,263
Prayagraj,Sagar,451,361
Prayagraj,Rohtas,247,222
Prayagraj,Sri Ganganagar,1090,928
Raebareli,Agra,401,339
Raebareli,Aligarh,404,364
Raebareli,Araria,731,619
Raebareli,Arrah,421,350
Raebareli,Baghpat,567,498
Raebareli,Balaghat,655,501
Raebareli,Belagavi,1617,1346
Raebareli,Bhagalpur,704,584
Raebareli,Bhopal,579,509
Raebareli,Bikaner,926,811
Raebareli,Bundi,695,568
Raebareli,Calicut,2124,1754
Raebareli,Chitrakoot,151,122
Raebareli,Daudnagar,435,342
Raebareli,Delhi,568,493
Raebareli,Durgapur,743,681
Raebareli,Faridabad,518,458
Raebareli,Gaya,506,409
Raebareli,Ghazipur,279,243
Raebareli,Hanamkonda,1150,927
Raebareli,Jaipur,639,549
Raebareli,Jehanabad,507,391
Raebareli,Jodhpur,970,822
Raebareli,Kota,662,552
Raebareli,Lakhimpur,208,195
Raebareli,Lucknow,78,74
Raebareli,Madhepura,603,512
Raebareli,Mahoba,196,171
Raebareli,Mirzapur,208,179
Raebareli,Morena,398,326
Raebareli,Nawada,565,456
Raebareli,Pakur,853,686
Raebareli,Palamu,527,390
Raebareli,Patna,473,395
Raebareli,Prayagraj,123,106
Raebareli,Rajsamand,909,751
Raebareli,Raebareli,0,0
Raebareli,Sikar,741,626
Raebareli,Una,922,756
Raebareli,Sarangarh,750,546
Raebareli,Sitamarhi,518,425
Raebareli,Sitapur,166,158
Raebareli,Sagar,411,366
Raebareli,Rohtas,368,305
Raebareli,Sri Ganganagar,1009,831
Rajsamand,Agra,574,474
Rajsamand,Aligarh,619,523
Rajsamand,Araria,1635,1367
Rajsamand,Arrah,1325,1086
Rajsamand,Baghpat,661,542
Rajsamand,Balaghat,999,737
Rajsamand,Belagavi,1269,1022
Rajsamand,Bhagalpur,1608,1319
Rajsamand,Bhopal,573,410
Rajsamand,Bikaner,422,332
Rajsamand,Bundi,231,182
Rajsamand,Calicut,1978,1541
Rajsamand,Chitrakoot,846,704
Rajsamand,Daudnagar,1259,1060
Rajsamand,Delhi,621,514
Rajsamand,Durgapur,1595,1373
Rajsamand,Faridabad,607,503
Rajsamand,Gaya,1330,1122
Rajsamand,Ghazipur,1165,977
Rajsamand,Hanamkonda,1366,977
Rajsamand,Jaipur,335,279
Rajsamand,Jehanabad,1331,1119
Rajsamand,Jodhpur,190,155
Rajsamand,Kota,251,200
Rajsamand,Lakhimpur,919,757
Rajsamand,Lucknow,881,734
Rajsamand,Madhepura,1507,1260
Rajsamand,Mahoba,725,605
Rajsamand,Mirzapur,1033,875
Rajsamand,Morena,560,441
Rajsamand,Nawada,1389,1177
Rajsamand,Pakur,1706,1411
Rajsamand,Palamu,1292,1044
Rajsamand,Patna,1377,1134
Rajsamand,Prayagraj,961,803
Rajsamand,Raebareli,909,751
Rajsamand,Rajsamand,0,0
Rajsamand,Sikar,375,308
Rajsamand,Una,941,747
Rajsamand,Sarangarh,1279,1015
Rajsamand,Sitamarhi,1424,1176
Rajsamand,Sitapur,899,732
Rajsamand,Sagar,679,510
Rajsamand,Rohtas,1224,1022
Rajsamand,Sri Ganganagar,673,536
Rohtas,Agra,728,644
Rohtas,Aligarh,773,668
Rohtas,Araria,449,364
Rohtas,Arrah,94,84
Rohtas,Baghpat,936,798
Rohtas,Balaghat,794,532
Rohtas,Belagavi,1756,1422
Rohtas,Bhagalpur,344,298
Rohtas,Bhopal,876,700
Rohtas,Bikaner,1298,1115
Rohtas,Bundi,1010,843
Rohtas,Calicut,2262,1758
Rohtas,Chitrakoot,381,318
Rohtas,Daudnagar,46,38
Rohtas,Delhi,937,796
Rohtas,Durgapur,405,375
Rohtas,Faridabad,887,762
Rohtas,Gaya,117,103
Rohtas,Ghazipur,94,72
Rohtas,Hanamkonda,1262,907
Rohtas,Jaipur,966,848
Rohtas,Jehanabad,118,98
Rohtas,Jodhpur,1296,1110
Rohtas,Kota,977,822
Rohtas,Lakhimpur,559,453
Rohtas,Lucknow,436,365
Rohtas,Madhepura,321,267
Rohtas,Mahoba,494,417
Rohtas,Mirzapur,181,146
Rohtas,Morena,735,624
Rohtas,Nawada,177,155
Rohtas,Pakur,494,390
Rohtas,Palamu,189,136
Rohtas,Patna,146,126
Rohtas,Prayagraj,247,222
Rohtas,Raebareli,368,305
Rohtas,Rajsamand,1224,1022
Rohtas,Sikar,1078,929
Rohtas,Una,1274,1038
Rohtas,Sarangarh,582,397
Rohtas,Sitamarhi,264,224
Rohtas,Sitapur,526,433
Rohtas,Sagar,710,552
Rohtas,Rohtas,0,0
Rohtas,Sri Ganganagar,1346,1135
Sagar,Agra,421,376
Sagar,Aligarh,514,454
Sagar,Araria,1126,915
Sagar,Arrah,772,629
Sagar,Baghpat,684,585
Sagar,Balaghat,353,269
Sagar,Belagavi,1260,989
Sagar,Bhagalpur,1055,848
Sagar,Bhopal,169,149
Sagar,Bikaner,919,714
Sagar,Bundi,481,359
Sagar,Calicut,1805,1427
Sagar,Chitrakoot,336,261
Sagar,Daudnagar,749,589
Sagar,Delhi,639,563
Sagar,Durgapur,1085,875
Sagar,Faridabad,594,525
Sagar,Gaya,820,644
Sagar,Ghazipur,656,526
Sagar,Hanamkonda,832,651
Sagar,Jaipur,615,451
Sagar,Jehanabad,821,651
Sagar,Jodhpur,817,634
Sagar,Kota,448,328
Sagar,Lakhimpur,577,498
Sagar,Lucknow,444,401
Sagar,Madhepura,998,813
Sagar,Mahoba,215,198
Sagar,Mirzapur,515,413
Sagar,Morena,342,303
Sagar,Nawada,879,700
Sagar,Pakur,1197,929
Sagar,Palamu,719,546
Sagar,Patna,824,675
Sagar,Prayagraj,451,361
Sagar,Raebareli,411,366
Sagar,Rajsamand,679,510
Sagar,Rohtas,710,552
Sagar,Sikar,748,552
Sagar,Una,1028,879
Sagar,Sarangarh,597,510
Sagar,Sitamarhi,917,746
Sagar,Sitapur,535,456
Sagar,Sagar,0,0
Sagar,Sri Ganganagar,1038,827
Sarangarh,Agra,1002,804
Sarangarh,Aligarh,1095,862
Sarangarh,Araria,962,672
Sarangarh,Arrah,639,468
Sarangarh,Baghpat,1265,1005
Sarangarh,Balaghat,439,300
Sarangarh,Belagavi,1384,1104
Sarangarh,Bhagalpur,780,567
Sarangarh,Bhopal,748,611
Sarangarh,Bikaner,1543,1217
Sarangarh,Bundi,1081,869
Sarangarh,Calicut,1863,1382
Sarangarh,Chitrakoot,686,457
Sarangarh,Daudnagar,553,404
Sarangarh,Delhi,1220,991
Sarangarh,Durgapur,658,485
Sarangarh,Faridabad,1175,953
Sarangarh,Gaya,566,405
Sarangarh,Ghazipur,689,446
Sarangarh,Hanamkonda,802,541
Sarangarh,Jaipur,1211,946
Sarangarh,Jehanabad,615,446
Sarangarh,Jodhpur,1417,1145
Sarangarh,Kota,1048,839
Sarangarh,Lakhimpur,958,741
Sarangarh,Lucknow,828,621
Sarangarh,Madhepura,837,609
Sarangarh,Mahoba,749,524
Sarangarh,Mirzapur,563,396
Sarangarh,Morena,923,750
Sarangarh,Nawada,625,444
Sarangarh,Pakur,813,593
Sarangarh,Palamu,427,270
Sarangarh,Patna,653,491
Sarangarh,Prayagraj,626,444
Sarangarh,Raebareli,750,546
Sarangarh,Rajsamand,1279,1015
Sarangarh,Rohtas,582,397
Sarangarh,Sagar,597,510
Sarangarh,Sikar,1335,1044
Sarangarh,Una,1609,1287
Sarangarh,Sarangarh,0,0
Sarangarh,Sitamarhi,783,606
Sarangarh,Sitapur,916,705
Sarangarh,Sri Ganganagar,1619,1303
Sikar,Agra,353,287
Sikar,Aligarh,358,292
Sikar,Araria,1448,1233
Sikar,Arrah,1138,975
Sikar,Baghpat,307,252
Sikar,Balaghat,1107,819
Sikar,Belagavi,1576,1303
Sikar,Bhagalpur,1421,1208
Sikar,Bhopal,705,533
Sikar,Bikaner,221,185
Sikar,Bundi,331,246
Sikar,Calicut,2258,1811
Sikar,Chitrakoot,776,631
Sikar,Daudnagar,1151,967
Sikar,Delhi,273,227
Sikar,Durgapur,1452,1303
Sikar,Faridabad,290,231
Sikar,Gaya,1223,1033
Sikar,Ghazipur,1028,869
Sikar,Hanamkonda,1498,1155
Sikar,Jaipur,116,100
Sikar,Jehanabad,1224,1017
Sikar,Jodhpur,315,259
Sikar,Kota,368,275
Sikar,Lakhimpur,668,556
Sikar,Lucknow,683,581
Sikar,Madhepura,1320,1127
Sikar,Mahoba,721,538
Sikar,Mirzapur,918,789
Sikar,Morena,426,308
Sikar,Nawada,1282,1081
Sikar,Pakur,1569,1312
Sikar,Palamu,1237,991
Sikar,Patna,1190,1020
Sikar,Prayagraj,822,710
Sikar,Raebareli,741,626
Sikar,Rajsamand,375,308
Sikar,Rohtas,1078,929
Sikar,Sagar,748,552
Sikar,Sarangarh,1335,1044
Sikar,Sikar,0,0
Sikar,Una,575,441
Sikar,Sitamarhi,1237,1033
Sikar,Sitapur,676,546
Sikar,Sri Ganganagar,348,283
Sitamarhi,Agra,887,747
Sitamarhi,Aligarh,890,748
Sitamarhi,Araria,238,201
Sitamarhi,Arrah,171,141
Sitamarhi,Baghpat,1053,856
Sitamarhi,Balaghat,1026,755
Sitamarhi,Belagavi,1988,1647
Sitamarhi,Bhagalpur,302,210
Sitamarhi,Bhopal,1085,896
Sitamarhi,Bikaner,1411,1216
Sitamarhi,Bundi,1210,994
Sitamarhi,Calicut,2494,1979
Sitamarhi,Chitrakoot,590,490
Sitamarhi,Daudnagar,235,204
Sitamarhi,Delhi,1054,861
Sitamarhi,Durgapur,481,385
Sitamarhi,Faridabad,1004,833
Sitamarhi,Gaya,230,205
Sitamarhi,Ghazipur,289,222
Sitamarhi,Hanamkonda,1463,1130
Sitamarhi,Jaipur,1125,966
Sitamarhi,Jehanabad,180,160
Sitamarhi,Jodhpur,1456,1244
Sitamarhi,Kota,1177,977
Sitamarhi,Lakhimpur,621,491
Sitamarhi,Lucknow,553,453
Sitamarhi,Madhepura,118,98
Sitamarhi,Mahoba,702,580
Sitamarhi,Mirzapur,413,335
Sitamarhi,Morena,910,748
Sitamarhi,Nawada,224,188
Sitamarhi,Pakur,450,320
Sitamarhi,Palamu,390,335
Sitamarhi,Patna,131,116
Sitamarhi,Prayagraj,466,387
Sitamarhi,Raebareli,518,425
Sitamarhi,Rajsamand,1424,1176
Sitamarhi,Rohtas,264,224
Sitamarhi,Sagar,917,746
Sitamarhi,Sarangarh,783,606
Sitamarhi,Sikar,1237,1033
Sitamarhi,Una,1407,1048
Sitamarhi,Sitamarhi,0,0
Sitamarhi,Sitapur,642,490
Sitamarhi,Sri Ganganagar,1506,1197
Sitapur,Agra,326,267
Sitapur,Aligarh,306,258
Sitapur,Araria,853,691
Sitapur,Arrah,543,455
Sitapur,Baghpat,433,371
Sitapur,Balaghat,861,639
Sitapur,Belagavi,1809,1445
Sitapur,Bhagalpur,826,679
Sitapur,Bhopal,703,579
Sitapur,Bikaner,827,727
Sitapur,Bundi,733,554
Sitapur,Calicut,2315,1876
Sitapur,Chitrakoot,316,265
Sitapur,Daudnagar,557,465
Sitapur,Delhi,454,373
Sitapur,Durgapur,933,803
Sitapur,Faridabad,419,343
Sitapur,Gaya,628,530
Sitapur,Ghazipur,433,362
Sitapur,Hanamkonda,1341,1065
Sitapur,Jaipur,564,489
Sitapur,Jehanabad,629,502
Sitapur,Jodhpur,895,774
Sitapur,Kota,720,546
Sitapur,Lakhimpur,46,43
Sitapur,Lucknow,88,83
Sitapur,Madhepura,725,587
Sitapur,Mahoba,321,264
Sitapur,Mirzapur,374,328
Sitapur,Morena,345,291
Sitapur,Nawada,687,569
Sitapur,Pakur,975,787
Sitapur,Palamu,717,537
Sitapur,Patna,595,495
Sitapur,Prayagraj,289,263
Sitapur,Raebareli,166,158
Sitapur,Rajsamand,899,732
Sitapur,Rohtas,526,433
Sitapur,Sagar,535,456
Sitapur,Sarangarh,916,705
Sitapur,Sikar,676,546
Sitapur,Sitamarhi,642,490
Sitapur,Una,734,607
Sitapur,Sitapur,0,0
Sitapur,Sri Ganganagar,863,712
Sri Ganganagar,Agra,620,504
Sri Ganganagar,Aligarh,588,467
Sri Ganganagar,Araria,1716,1397
Sri Ganganagar,Arrah,1406,1167
Sri Ganganagar,Baghpat,432,342
Sri Ganganagar,Balaghat,1410,1096
Sri Ganganagar,Belagavi,1878,1558
Sri Ganganagar,Bhagalpur,1689,1391
Sri Ganganagar,Bhopal,1050,816
Sri Ganganagar,Bikaner,241,216
Sri Ganganagar,Bundi,676,525
Sri Ganganagar,Calicut,2560,2074
Sri Ganganagar,Chitrakoot,1045,866
Sri Ganganagar,Daudnagar,1420,1170
Sri Ganganagar,Delhi,408,340
Sri Ganganagar,Durgapur,1721,1510
Sri Ganganagar,Faridabad,448,373
Sri Ganganagar,Gaya,1491,1236
Sri Ganganagar,Ghazipur,1297,1068
Sri Ganganagar,Hanamkonda,1843,1438
Sri Ganganagar,Jaipur,461,381
Sri Ganganagar,Jehanabad,1492,1213
Sri Ganganagar,Jodhpur,502,415
Sri Ganganagar,Kota,714,555
Sri Ganganagar,Lakhimpur,866,706
Sri Ganganagar,Lucknow,951,771
Sri Ganganagar,Madhepura,1588,1295
Sri Ganganagar,Mahoba,989,782
Sri Ganganagar,Mirzapur,1186,1007
Sri Ganganagar,Morena,699,553
Sri Ganganagar,Nawada,1551,1279
Sri Ganganagar,Pakur,1838,1500
Sri Ganganagar,Palamu,1505,1217
Sri Ganganagar,Patna,1458,1207
Sri Ganganagar,Prayagraj,1090,928
Sri Ganganagar,Raebareli,1009,831
Sri Ganganagar,Rajsamand,673,536
Sri Ganganagar,Rohtas,1346,1135
Sri Ganganagar,Sagar,1038,827
Sri Ganganagar,Sarangarh,1619,1303
Sri Ganganagar,Sikar,348,283
Sri Ganganagar,Sitamarhi,1506,1197
Sri Ganganagar,Sitapur,863,712
Sri Ganganagar,Una,365,286
Sri Ganganagar,Sri Ganganagar,0,0
Una,Agra,610,504
Una,Aligarh,505,433
Una,Araria,1617,1240
Una,Arrah,1307,1050
Una,Baghpat,348,294
Una,Balaghat,1400,1138
Una,Belagavi,2068,1739
Una,Bhagalpur,1590,1255
Una,Bhopal,1156,916
Una,Bikaner,608,477
Una,Bundi,823,671
Una,Calicut,2750,2238
Una,Chitrakoot,1006,829
Una,Daudnagar,1321,1069
Una,Delhi,365,316
Una,Durgapur,1648,1400
Una,Faridabad,402,353
Una,Gaya,1392,1131
Una,Ghazipur,1198,967
Una,Hanamkonda,1864,1527
Una,Jaipur,606,507
Una,Jehanabad,1393,1099
Una,Jodhpur,842,660
Una,Kota,861,694
Una,Lakhimpur,737,585
Una,Lucknow,818,684
Una,Madhepura,1489,1147
Una,Mahoba,950,770
Una,Mirzapur,1113,934
Una,Morena,689,576
Una,Nawada,1451,1165
Una,Pakur,1739,1365
Una,Palamu,1432,1144
Una,Patna,1359,1084
Una,Prayagraj,1017,862
Una,Raebareli,922,756
Una,Rajsamand,941,747
Una,Rohtas,1274,1038
Una,Sagar,1028,879
Una,Sarangarh,1609,1287
Una,Sikar,575,441
Una,Sitamarhi,1407,1048
Una,Sitapur,734,607
Una,Sri Ganganagar,365,286
Una,Una,0,0
